Course,Applicant Income,Coapplicant Income,Cibil Score,Cgpa,Previous Score,Loan Amount,Loan Status
Engineering,887144,94359,658,5.7,51,776019,N
Law,648013,593788,597,8.5,81,440785,N
MBA,225607,169486,805,8.6,78,1009057,Y
Engineering,31585,458802,522,8.0,89,502465,N
BPhramacy,52791,146558,619,9.1,64,1150403,N
BPhramacy,935277,864120,748,8.2,73,800237,Y
MBA,843578,865739,676,6.0,68,1237787,N
MBA,468900,700871,627,7.6,67,475260,N
MBA,874870,850043,834,8.7,87,649815,Y
Degree,101585,466572,777,5.8,75,1334186,N
MTech,663153,271611,510,7.1,86,1014841,N
Degree,573627,195770,668,7.7,72,511380,N
BPhramacy,839759,183767,760,5.7,57,1228059,N
MBA,807191,132319,767,9.5,60,519166,N
BPhramacy,37129,313288,502,6.5,55,1235776,N
Degree,618433,985385,615,8.1,83,471970,N
Medicine,628478,49650,743,7.8,95,574193,Y
Degree,871287,651913,663,8.6,69,876663,N
BPhramacy,835622,333963,752,7.6,68,1373176,N
MTech,325240,511182,887,6.7,61,983442,N
Law,666690,721935,698,7.8,92,1435717,N
Engineering,79525,220871,865,8.1,68,600190,N
Law,783946,253270,549,8.5,92,932145,N
Law,873247,825896,812,7.2,73,1493160,Y
Degree,77469,291541,566,7.9,86,794842,N
MBA,429352,249146,820,6.0,50,848870,N
Medicine,742426,599878,584,6.6,86,1280645,N
MTech,803386,370798,854,7.4,61,847381,N
Law,520925,32572,618,9.4,78,799367,N
Medicine,583976,514368,524,6.6,70,503080,N
Law,376036,113520,679,6.0,88,1146001,N
Medicine,214337,673673,818,8.1,86,858530,Y
BPhramacy,119720,240428,783,5.8,95,435347,N
BPhramacy,115615,266223,603,7.1,51,452041,N
MTech,157856,377231,714,6.3,70,1416342,N
Degree,16369,134585,798,6.7,81,475072,N
Law,71021,16899,753,5.7,59,1200994,N
MTech,606875,912296,541,9.1,66,746767,N
Law,555938,517756,663,7.5,81,926789,N
Law,221229,512767,777,8.9,88,1206556,Y
Law,412588,510920,731,8.8,81,1005762,Y
Degree,224607,425021,558,7.5,67,777847,N
Degree,643013,483792,767,7.6,75,1083439,Y
Degree,25278,711688,860,8.8,76,1170987,Y
Medicine,916110,46365,784,7.0,81,915730,Y
MTech,546057,71287,802,8.7,63,1177788,N
MBA,462094,783136,554,8.8,64,698592,N
Law,888356,869554,639,7.1,59,1322339,N
Degree,262855,159236,714,8.4,89,977768,Y
MTech,961878,281902,714,8.3,65,1253883,N
BPhramacy,464367,969568,637,7.7,62,1464588,N
Medicine,814692,435808,633,9.0,82,730357,N
Degree,658173,608932,541,7.4,81,419793,N
Engineering,801307,772988,643,5.6,78,1319772,N
Medicine,774418,713937,725,6.7,67,966015,N
Medicine,735470,333762,818,7.6,58,1265964,N
Degree,452967,199575,793,6.9,69,1023325,N
Law,408348,410586,756,8.8,90,847362,Y
Medicine,824687,875804,883,6.9,82,1358480,N
Law,512696,53373,807,7.7,88,1234089,Y
BPhramacy,247810,485271,685,6.6,85,1201012,N
Medicine,399480,331966,773,8.3,87,817560,Y
Medicine,709710,958633,765,7.4,87,644762,Y
MTech,942722,50187,502,6.4,85,605277,N
Law,419717,543343,542,7.7,86,1252966,N
MBA,836867,77068,590,8.5,91,1402471,N
MTech,629156,498863,553,6.3,69,731322,N
BPhramacy,187940,452919,880,6.1,90,493145,N
MTech,601096,966816,667,6.4,78,784820,N
BPhramacy,820293,810203,877,7.2,77,855384,Y
Law,405476,735605,740,6.9,62,1159564,N
Medicine,454249,582334,864,8.1,62,1492973,N
MBA,413177,699374,553,6.3,57,1277871,N
Law,688661,489154,615,8.7,77,455229,N
Degree,299318,22097,600,8.7,54,822209,N
BPhramacy,732548,657120,642,9.1,94,643606,N
MBA,327372,71052,870,8.7,92,605371,Y
Degree,189396,386230,734,8.3,86,877940,Y
Law,418870,990419,760,6.6,71,585747,N
Engineering,877194,816817,793,6.6,63,1165687,N
Medicine,413270,912970,520,5.7,88,1311337,N
Degree,142464,230285,724,6.4,50,1188657,N
Engineering,319635,858455,651,7.3,71,483431,N
Engineering,921198,424592,719,6.3,92,1244870,N
MTech,740571,991469,558,7.8,71,1498652,N
Engineering,677268,489692,805,6.3,68,999262,N
Degree,260553,283974,649,8.0,82,527624,N
BPhramacy,898649,715878,771,9.4,83,903578,Y
Law,859002,397798,512,7.7,90,894514,N
Medicine,351025,654151,862,8.6,74,490263,Y
MTech,88541,487264,526,8.8,78,562759,N
MBA,189656,896505,748,7.3,88,1433926,Y
Engineering,640868,157897,835,8.3,93,1483686,Y
BPhramacy,114275,677069,784,5.7,57,1033044,N
Degree,978433,214390,802,7.8,75,1275380,Y
Degree,233790,749441,823,8.6,95,1103841,Y
MTech,988738,149691,647,7.4,90,1129767,N
MBA,741687,925784,717,7.3,83,685726,Y
MBA,605789,283264,512,7.5,71,727814,N
Law,441072,44474,526,7.6,92,1041023,N
Law,611281,566389,671,8.6,71,537693,N
Degree,710408,671600,526,6.2,84,597673,N
MTech,133008,88266,784,6.3,83,819924,N
Degree,390986,406517,826,7.1,79,745818,Y
Medicine,889827,874022,895,8.6,90,1455060,Y
Engineering,627765,436696,620,6.4,78,675730,N
MTech,86125,542344,840,8.1,95,440326,Y
Law,186037,542020,818,5.7,94,887770,N
Engineering,272489,165724,581,9.1,80,549654,N
BPhramacy,837296,116924,574,6.0,52,1286918,N
MTech,838072,11629,684,8.1,69,786418,N
MBA,431992,486002,556,6.1,68,601539,N
Medicine,290711,449017,716,6.2,86,457886,N
Medicine,915454,266392,577,8.0,77,481262,N
Law,292536,411703,789,8.4,55,565626,N
MTech,655660,122422,566,8.3,65,694548,N
MBA,375533,870283,601,6.9,65,1428194,N
MTech,563351,401091,530,9.2,79,938444,N
MBA,219975,181881,728,7.4,92,410673,Y
MTech,477034,332311,658,9.3,51,442295,N
BPhramacy,248993,992422,656,8.4,60,794850,N
BPhramacy,926410,941275,694,8.0,64,899392,N
Medicine,916451,41768,795,6.9,55,1169851,N
Degree,876536,543692,891,6.2,59,622303,N
MTech,600351,600691,856,8.0,76,886002,Y
Degree,11481,880634,510,9.2,50,1088015,N
Medicine,866836,48600,885,9.5,84,402440,Y
Law,300459,393475,528,6.3,57,1124871,N
Degree,480565,805243,577,5.8,83,629382,N
Degree,434392,363613,623,7.4,92,1003638,N
MBA,80263,187745,643,9.2,72,1205512,N
MBA,769605,112665,776,5.6,85,1262151,N
MBA,23711,662509,818,5.9,85,1100676,N
MTech,723524,363172,859,6.3,89,1372500,N
Law,177111,963302,696,8.3,87,1363421,N
MTech,274147,613632,513,6.4,61,578338,N
Engineering,266889,122525,593,9.1,54,757153,N
Medicine,560734,873257,737,9.0,71,916019,Y
MBA,911270,443860,887,6.1,68,1078271,N
Engineering,681841,73306,522,7.1,63,693954,N
Medicine,371810,130249,716,6.6,74,890189,N
MBA,991033,204978,601,6.8,70,594237,N
Degree,705267,33267,502,7.8,83,445910,N
Medicine,772210,346087,679,9.2,76,538205,N
BPhramacy,834343,672347,899,7.9,60,1335029,N
Medicine,777197,739899,768,6.4,50,906766,N
BPhramacy,468180,856159,677,6.1,83,736055,N
BPhramacy,839210,770877,691,6.2,76,814071,N
MBA,339408,313167,645,6.5,89,525774,N
BPhramacy,18942,630368,715,5.5,93,646905,N
MBA,564264,770164,776,9.2,87,1327540,Y
Medicine,181794,19129,501,9.2,84,551498,N
Medicine,782592,184700,673,9.4,51,894047,N
Medicine,904371,175254,592,9.0,55,961372,N
Medicine,95106,431560,781,7.6,56,1317681,N
MTech,993480,865509,676,5.7,79,1090647,N
MBA,670081,747259,744,7.3,84,425596,Y
Law,769864,156356,635,8.6,66,939323,N
Degree,92953,724031,806,6.6,70,403954,N
Degree,303340,215794,717,8.4,54,1176778,N
Law,491525,609472,685,5.9,64,1420255,N
Medicine,355905,313159,589,6.3,79,995266,N
Degree,640620,267783,844,5.7,85,483276,N
MTech,652971,349441,840,6.3,58,862854,N
Law,161304,618810,631,8.1,94,691070,N
Law,788455,205202,516,5.7,86,574200,N
MBA,398831,735398,756,8.7,53,406746,N
BPhramacy,214917,572084,808,7.5,58,1082481,N
Law,395683,912094,789,8.2,87,845942,Y
BPhramacy,486525,985097,564,8.3,95,1190376,N
Degree,474221,573935,845,6.3,64,748790,N
Degree,904240,867373,743,9.4,87,528059,Y
Law,652093,944317,527,7.4,81,785002,N
MTech,574205,670588,557,7.5,62,1293648,N
Degree,965822,754185,895,5.8,77,441387,N
Engineering,837913,925329,572,8.7,78,726243,N
Degree,220503,212107,576,9.3,71,936528,N
BPhramacy,538038,782480,699,5.6,58,1203214,N
Law,471643,915939,662,9.1,89,1045925,N
Engineering,248926,331155,553,6.3,65,491356,N
Medicine,756093,612661,796,7.1,55,1255607,N
Law,271277,666119,699,7.8,69,563202,N
MBA,857383,773898,841,5.5,56,850112,N
BPhramacy,270089,307468,534,9.4,57,882863,N
Law,618398,522747,536,9.1,80,539944,N
Engineering,130601,986721,621,8.5,59,420373,N
Law,204227,885039,887,7.6,66,493097,N
Medicine,234498,872350,555,8.3,69,884271,N
BPhramacy,516915,483051,869,8.8,51,742135,N
Degree,220388,276533,762,8.7,93,950404,Y
MTech,906235,358821,819,8.0,75,675604,Y
MBA,862201,300821,781,8.7,58,971523,N
MTech,409311,388716,751,7.1,86,1016527,Y
BPhramacy,408406,627789,761,6.8,57,1294222,N
MTech,958356,751368,713,8.7,76,542279,Y
Medicine,910416,730913,888,8.4,75,951082,Y
Degree,361973,812349,865,6.5,67,616227,N
Medicine,124352,997094,871,7.7,59,1017180,N
MBA,954793,209025,674,7.0,61,1423211,N
MTech,248065,994710,792,6.9,89,1361813,N
MTech,479548,811723,655,9.1,84,491650,N
BPhramacy,630365,274855,657,7.6,87,1474731,N
Law,778873,51918,565,8.8,70,768228,N
BPhramacy,523946,908355,690,8.1,67,955211,N
MTech,127544,931688,650,5.5,95,1383745,N
Medicine,212203,197084,603,8.2,73,1456325,N
MBA,22016,394572,652,7.6,84,1160004,N
Engineering,796563,443380,502,6.1,65,682039,N
Law,271659,365599,821,8.6,72,493875,Y
Degree,154365,758884,788,8.2,64,841075,N
Degree,199529,273327,681,7.3,77,941094,N
MBA,23551,670520,599,8.8,81,873623,N
Law,635691,120653,644,8.9,76,1222129,N
Medicine,157585,327852,701,6.8,65,1234133,N
Engineering,145002,725891,844,6.2,73,540103,N
MBA,64173,486845,700,7.3,85,1058623,Y
Law,105694,64086,533,7.3,57,1237418,N
Law,661971,33517,540,5.8,79,422950,N
Engineering,69421,186967,837,8.0,73,1200040,Y
Degree,28609,613160,508,9.3,55,1308441,N
Degree,935147,843632,688,7.9,87,993808,N
MTech,392180,312398,765,7.3,94,456048,Y
BPhramacy,29299,778744,667,8.3,66,937474,N
Engineering,40889,236464,787,7.7,95,519391,Y
BPhramacy,607336,639354,542,7.1,62,1395525,N
MBA,508906,212101,571,9.3,91,1333722,N
Medicine,683915,271780,668,8.7,81,1060469,N
MTech,366878,825866,682,8.8,84,1085898,N
Degree,609824,205427,708,6.2,77,432967,N
Law,198908,915298,635,7.9,80,462453,N
BPhramacy,443093,634707,857,8.3,93,1416838,Y
MBA,791886,969952,641,7.8,66,1248021,N
MTech,290323,386827,799,5.8,50,658587,N
Engineering,378738,938398,582,5.9,76,1328996,N
Engineering,215924,374128,622,5.9,90,1372880,N
MTech,623615,324925,744,6.9,71,1127253,N
Engineering,643359,744985,864,6.6,91,769311,N
Degree,235384,540638,796,8.8,90,659777,Y
Degree,831299,474759,837,8.7,63,633771,N
Degree,893898,922093,545,6.1,88,1134820,N
Degree,97164,214786,573,5.5,94,1356072,N
Engineering,22203,80401,576,8.4,68,701061,N
Medicine,410743,256449,660,6.8,85,432981,N
MTech,113626,341021,613,5.7,62,1290200,N
MBA,892778,544707,746,7.0,93,778186,Y
Engineering,406527,997672,629,7.2,91,412474,N
Engineering,524855,781730,539,8.3,61,885592,N
Degree,257080,640187,676,6.1,61,632868,N
Degree,993552,470053,693,8.3,50,481392,N
MBA,614121,672991,772,6.9,53,1463323,N
Medicine,541646,27107,791,8.3,89,733818,Y
Engineering,440295,162016,553,7.1,57,589639,N
Degree,306798,983148,738,8.4,50,688144,N
Degree,964870,879365,505,5.9,61,1081144,N
MBA,967685,771880,832,8.9,90,418325,Y
Degree,59622,526943,573,7.9,68,1431482,N
MTech,593901,742232,668,5.9,87,817759,N
Law,990077,523990,673,7.5,87,665523,N
Law,747514,424664,638,8.7,89,917952,N
MBA,739728,512938,864,7.0,77,1256731,Y
MBA,385686,930135,557,9.2,54,811807,N
BPhramacy,762900,255878,751,7.3,77,754979,Y
MBA,220326,184885,520,8.6,85,1026629,N
Engineering,330595,952599,561,9.1,89,1031912,N
Law,191944,44939,891,9.4,76,761427,Y
Engineering,606187,559813,591,8.3,64,451110,N
MBA,46430,480989,525,8.8,77,918442,N
Degree,555554,521149,691,7.4,69,1406749,N
Medicine,915723,68245,880,8.8,61,506157,N
MTech,874529,256881,869,6.2,77,1460604,N
Law,264823,524187,511,8.3,81,699358,N
MBA,733581,77986,799,7.1,88,755573,Y
MBA,299763,600460,644,9.0,84,678590,N
Degree,920708,481000,628,7.0,76,958299,N
Degree,991343,136088,896,8.9,66,497554,N
MTech,753554,323619,577,6.6,93,1280998,N
MBA,202345,601791,644,8.2,67,1384865,N
Engineering,290124,771650,770,7.4,59,836033,N
Degree,45868,568493,876,8.1,78,921405,Y
BPhramacy,480289,951172,536,8.8,94,469268,N
MTech,195645,93689,662,8.5,60,1230981,N
BPhramacy,843625,974514,878,8.8,54,510504,N
MTech,830832,37437,709,6.0,53,1148534,N
Law,503215,831018,507,6.2,79,1331691,N
MBA,618964,401593,663,7.8,84,687095,N
Medicine,460259,862161,761,7.4,90,841160,Y
MBA,168723,848891,874,9.4,85,586055,Y
MTech,338595,51726,684,7.6,50,537174,N
BPhramacy,27393,558231,736,6.3,86,947089,N
Medicine,63124,44827,741,7.9,71,685920,Y
Engineering,293419,816218,531,8.8,52,1357837,N
BPhramacy,421420,974775,784,6.2,72,523265,N
MTech,900510,745340,812,5.6,62,918764,N
MTech,537739,641006,648,6.9,52,448280,N
Degree,400592,164867,844,8.4,90,1434921,Y
Degree,992755,364084,683,7.4,94,1367199,N
Degree,422957,447108,861,7.0,72,1300787,Y
Degree,77053,242537,759,8.2,60,1310061,N
BPhramacy,798806,290963,547,8.8,68,798748,N
Engineering,933316,231097,769,8.0,62,787918,N
BPhramacy,426239,545988,818,7.4,90,869894,Y
MBA,616693,301020,583,5.8,85,778123,N
Medicine,397107,108954,673,7.9,53,1243675,N
Degree,472471,934126,624,6.5,63,869222,N
MBA,458481,949819,632,5.5,53,1439579,N
Medicine,490602,310437,590,8.7,85,1048519,N
BPhramacy,673899,852965,588,5.7,60,486003,N
Law,438010,340705,527,8.6,59,1450891,N
Engineering,577429,154892,819,9.3,79,1313925,Y
Law,721872,738392,892,8.1,89,1251885,Y
Engineering,197518,929102,693,7.0,72,1363182,N
Medicine,564647,673369,800,8.8,86,735205,Y
Degree,314373,497606,684,8.8,84,748663,N
Engineering,579985,624583,634,5.6,61,892413,N
Medicine,264489,417018,666,5.8,52,998602,N
Medicine,643162,330175,749,5.9,64,1052175,N
MBA,886302,143380,894,7.8,77,870520,Y
BPhramacy,636166,304885,677,7.8,51,558195,N
BPhramacy,853734,90371,613,6.1,68,979183,N
Medicine,999030,155078,776,7.4,64,1224235,N
BPhramacy,238364,990718,508,7.3,80,1257446,N
BPhramacy,670167,148993,843,7.5,90,984657,Y
MBA,671842,252570,894,6.8,66,1310160,N
MBA,972056,138322,863,9.0,88,607829,Y
Degree,784928,235121,681,7.3,60,766091,N
MTech,362490,717404,810,8.0,70,1085106,Y
Law,392697,685240,787,9.4,64,410651,N
Law,885038,755207,792,6.0,52,520732,N
MBA,793313,314488,667,9.0,93,1461983,N
Law,958123,287621,753,8.4,69,1231246,N
MTech,823549,828447,554,6.0,89,860000,N
MBA,238468,643190,827,6.9,75,681595,N
MBA,215503,345021,607,7.4,56,531867,N
Law,526758,475605,635,6.8,83,852911,N
BPhramacy,104295,863552,818,8.0,76,1321411,Y
MTech,111104,293550,520,7.7,55,886152,N
Degree,910645,929638,898,5.7,69,1052167,N
Degree,828254,709083,505,6.2,78,1268653,N
Degree,905019,953989,501,7.9,65,781692,N
BPhramacy,745664,615064,519,8.9,92,966233,N
Law,981456,251621,657,6.7,75,687966,N
Law,271938,222490,618,7.8,95,729350,N
MBA,995238,83702,891,8.5,78,594998,Y
Law,255632,11060,772,6.1,77,540886,N
Law,54536,807035,510,5.7,76,1284952,N
Degree,780563,147263,829,7.7,60,542725,N
Degree,206053,18077,551,5.9,83,1146503,N
Engineering,281954,592362,549,8.1,51,868666,N
BPhramacy,913796,896243,867,6.6,93,1177727,N
MTech,951103,418497,533,5.8,75,1007074,N
BPhramacy,204846,476160,592,6.7,76,557460,N
Law,152877,850885,680,9.2,70,1497954,N
Medicine,788615,251262,666,6.6,57,623464,N
Law,534819,879016,589,7.6,81,787301,N
MBA,159621,75810,549,7.1,92,1416078,N
Degree,111519,997796,564,7.2,92,861752,N
MTech,35681,609680,900,8.6,92,850702,Y
BPhramacy,956870,994723,612,6.5,83,954110,N
BPhramacy,704727,517694,764,6.3,66,1441564,N
Medicine,293039,224465,647,5.8,84,1377608,N
Degree,808354,356087,778,7.1,58,1205454,N
MBA,420459,825475,569,9.0,73,923188,N
Degree,677098,981985,819,6.1,71,645962,N
Degree,342564,282833,517,8.4,91,1281855,N
Degree,647359,829642,597,9.4,77,946915,N
Law,598244,327227,580,8.7,84,1050497,N
Law,463533,163823,584,7.8,93,1183209,N
MBA,885141,530659,675,9.1,63,1483261,N
Degree,596213,908686,713,9.1,56,473411,N
Engineering,763559,941789,708,9.4,66,1316548,N
BPhramacy,409475,367089,872,6.5,88,1007938,N
MTech,910751,669748,511,5.9,89,724735,N
Engineering,214704,736592,731,7.3,64,1442463,N
BPhramacy,521842,107129,736,7.3,90,1098575,Y
Medicine,73695,803530,814,6.0,59,776790,N
Degree,282139,124173,753,7.4,92,618160,Y
MBA,881637,599002,889,8.1,76,437303,Y
MBA,751921,300523,533,7.9,54,1069189,N
Law,404177,958136,585,6.5,65,1201051,N
Engineering,160971,229997,678,8.9,65,1300193,N
Engineering,728049,430985,527,8.4,95,1141868,N
MBA,557207,417662,627,8.2,84,485772,N
BPhramacy,979386,661831,746,8.0,79,756828,Y
BPhramacy,673572,74363,525,6.1,72,700732,N
MBA,335706,746960,695,8.6,80,979152,N
Engineering,325388,715475,634,6.0,87,1407670,N
Engineering,999868,413558,834,6.6,69,604781,N
MTech,695267,969667,880,6.0,93,548487,N
Medicine,431827,325626,802,7.6,54,1476928,N
Medicine,74965,451873,600,8.3,62,403543,N
MTech,388584,682528,505,5.9,93,1298208,N
MBA,110256,184456,569,7.1,76,448997,N
Engineering,722821,308338,670,6.1,66,610392,N
Engineering,523394,164613,641,8.9,79,1383701,N
MTech,496996,847994,856,7.1,93,473496,Y
BPhramacy,646584,562577,867,8.7,51,1387853,N
BPhramacy,38759,183578,717,8.8,90,940156,Y
MBA,618116,619890,525,6.7,95,1340503,N
Law,91708,392108,792,6.1,67,628850,N
Medicine,653136,378659,585,8.9,65,1133284,N
MTech,976621,393987,533,6.0,81,687960,N
MBA,757674,138122,629,7.4,75,1438602,N
BPhramacy,16050,255956,562,7.5,68,481558,N
Engineering,510803,569401,723,7.7,55,1413829,N
Engineering,795206,807810,553,6.2,51,504495,N
Law,441087,517521,525,5.6,72,829228,N
BPhramacy,769786,219683,570,7.9,51,1183870,N
Medicine,749265,799212,710,8.4,62,1144764,N
Medicine,616874,148318,899,7.8,67,1088641,N
Law,455733,207650,896,8.2,88,1250866,Y
Degree,706735,130384,899,7.4,52,836802,N
MBA,178988,213330,789,7.2,57,647578,N
Engineering,797349,33969,757,5.7,70,1247692,N
BPhramacy,988979,637952,877,6.0,83,1467189,N
Law,550710,756017,769,6.4,89,737541,N
BPhramacy,197233,751929,587,8.5,69,681221,N
BPhramacy,550152,708010,521,7.2,60,550691,N
Degree,528264,59182,850,8.8,94,874316,Y
MTech,296651,106337,518,8.8,87,831002,N
Law,70355,929881,737,7.5,90,446814,Y
BPhramacy,131844,451088,626,6.7,54,471571,N
BPhramacy,125204,384071,824,6.6,71,1341715,N
MTech,123121,365466,666,6.5,76,783536,N
Law,930276,987679,857,8.6,61,1269378,N
Degree,630408,480762,736,7.5,59,712593,N
Law,475333,759126,854,7.9,85,1252578,Y
Engineering,910157,278032,710,8.9,69,572140,N
Degree,829754,120442,633,6.2,56,1246648,N
Engineering,621584,289439,752,8.9,73,1081191,Y
Medicine,219824,866107,737,6.7,65,1084499,N
Law,447143,772980,894,8.3,73,700365,Y
Degree,842109,987436,717,8.3,84,1381799,Y
MTech,633583,441667,873,6.2,62,1268423,N
Law,940122,535423,849,9.1,95,1014056,Y
Engineering,165988,951057,696,8.2,90,1173039,N
MTech,341207,12824,568,7.5,82,476301,N
Engineering,470147,541389,708,8.4,61,1122381,N
BPhramacy,316001,932930,751,7.2,91,832345,Y
BPhramacy,784940,460135,818,8.0,53,808034,N
MBA,42227,690882,663,8.0,91,697855,N
BPhramacy,68576,586820,817,6.0,67,1332501,N
BPhramacy,824243,847399,536,9.0,79,1262906,N
Degree,607839,592767,872,5.8,53,635222,N
MBA,891818,734631,763,8.5,66,1142235,N
MBA,838911,360058,783,8.0,65,1484102,N
Degree,683306,150432,750,9.1,82,1199664,Y
Degree,30447,912250,830,6.4,73,941905,N
Degree,276204,811458,535,6.7,82,933168,N
MTech,447065,852770,793,5.9,54,581737,N
BPhramacy,127585,80367,674,6.4,94,692847,N
Law,390535,983627,521,6.3,90,817953,N
Degree,334516,52716,524,9.1,59,1212471,N
Law,932512,642071,763,7.7,53,1355467,N
MBA,909417,610878,870,8.3,59,416028,N
BPhramacy,426965,69565,797,7.9,85,1065907,Y
Medicine,65834,651877,847,5.9,74,702703,N
MTech,610264,673238,522,6.3,64,918684,N
Degree,26986,460505,630,7.9,83,1284752,N
Law,819520,981205,809,5.6,83,1442350,N
Law,896981,406125,671,6.3,55,715684,N
MBA,789856,123040,725,6.8,82,531887,N
MTech,463398,189982,632,7.0,51,824448,N
Engineering,951538,779574,538,7.1,75,481320,N
MBA,661392,762714,896,6.4,80,549857,N
MTech,51935,55934,744,6.4,64,690983,N
Law,336050,29777,692,8.5,55,1162223,N
BPhramacy,31500,849399,839,7.7,70,540666,Y
MTech,759121,448935,544,9.1,90,1467624,N
MBA,266130,452627,757,8.0,94,468455,Y
Engineering,397870,760599,503,7.8,84,447508,N
Law,494045,488854,699,6.6,60,1254158,N
BPhramacy,937708,475552,574,5.8,87,554709,N
BPhramacy,782668,340401,682,7.4,84,1437723,N
MBA,136594,595855,809,5.6,62,1155065,N
BPhramacy,555757,177810,900,7.9,58,790917,N
MBA,447709,684156,701,8.0,62,667074,N
Medicine,148078,509711,533,6.8,55,1314109,N
Engineering,128533,12700,810,5.9,87,668978,N
BPhramacy,664546,559336,782,8.6,93,1402999,Y
Degree,479533,459251,528,8.2,75,936204,N
MBA,586621,802335,732,7.8,67,1322484,N
Engineering,315168,942497,622,6.0,93,1017931,N
Law,966598,296814,527,9.1,56,1223533,N
Degree,588542,735298,792,6.0,69,1178960,N
Degree,322173,619471,601,8.0,52,699554,N
Engineering,927340,718230,563,6.4,87,810630,N
Degree,366515,785975,543,8.8,93,806947,N
Engineering,356498,952082,830,9.3,54,963704,N
MTech,609095,405339,879,8.8,61,1091662,N
Law,943418,114871,511,7.1,80,991085,N
MTech,234126,687464,782,6.0,54,1116590,N
Law,103088,714173,575,6.5,67,636495,N
Medicine,324844,796156,797,7.4,92,877569,Y
Engineering,225277,688998,755,6.8,80,759933,N
Law,148572,367336,583,9.0,94,1083403,N
MBA,975358,791970,634,6.8,79,412287,N
Engineering,746681,15467,546,7.2,77,1298934,N
BPhramacy,356665,778933,570,8.1,75,1420424,N
MTech,174567,869118,567,8.8,86,766917,N
MTech,777565,123297,667,5.5,95,1038586,N
Engineering,59545,651058,690,8.5,52,1046215,N
MBA,24431,14337,696,7.3,72,618957,N
Law,639816,222512,568,6.4,75,590993,N
MTech,307364,301958,531,8.0,89,913358,N
Degree,58828,656289,788,8.8,53,1349766,N
Law,829010,682160,732,6.5,57,994521,N
Degree,375640,517624,627,6.1,77,1054654,N
Engineering,536545,59597,664,6.1,73,1360129,N
MTech,973493,610767,571,6.4,71,544736,N
Engineering,827651,936275,786,9.5,95,623142,Y
Degree,653786,872480,725,6.9,94,409832,N
Medicine,35195,597606,654,9.0,92,880406,N
MBA,888064,782505,503,7.9,52,737039,N
MBA,950365,78210,650,5.6,71,1196911,N
Engineering,239635,54858,588,6.4,70,1452969,N
Medicine,356215,402944,677,6.9,90,1184913,N
Degree,911603,269414,853,8.6,87,528136,Y
Medicine,44339,962677,619,6.0,61,764249,N
MBA,221670,494749,530,7.1,80,1324929,N
Degree,717460,452540,721,9.0,59,507087,N
MTech,278991,612699,504,7.2,57,896990,N
BPhramacy,614467,745004,748,6.7,90,722925,N
BPhramacy,198635,850306,661,7.7,74,844064,N
Engineering,148941,580909,647,8.7,74,996330,N
Engineering,427760,327479,863,7.7,53,1322106,N
MTech,638568,342118,703,8.0,84,416472,Y
Medicine,372926,926585,694,8.1,95,1365839,N
BPhramacy,94756,743045,866,6.2,61,1374678,N
Degree,468353,21372,808,9.2,95,481529,Y
Law,942314,61763,574,7.9,55,1147315,N
Degree,489287,865416,746,8.5,56,1084367,N
Degree,926949,797048,811,5.5,90,506544,N
Degree,438324,614081,669,7.3,94,882057,N
Degree,493058,618583,591,8.7,72,1384318,N
Degree,553822,349342,543,6.4,71,932209,N
BPhramacy,725627,30513,665,7.7,88,588438,N
Degree,881357,725609,504,8.0,51,866382,N
MBA,289386,681631,857,5.7,84,1143724,N
MTech,375474,43721,637,5.7,53,642268,N
MTech,142716,760540,727,7.5,53,608977,N
BPhramacy,86437,881705,608,6.3,76,1438026,N
Engineering,919586,948692,880,7.8,83,721824,Y
Engineering,744792,452441,509,5.8,73,627208,N
BPhramacy,479343,829632,806,8.9,68,1393226,N
MBA,871595,358447,611,8.7,87,707552,N
MBA,686886,29559,529,6.8,80,704618,N
Degree,647375,635447,840,6.5,50,599888,N
Engineering,459308,120877,692,8.8,81,1014577,N
Law,118058,176859,641,6.2,63,421052,N
Engineering,378077,629395,595,6.6,59,595323,N
Law,191512,357846,777,8.1,67,1072655,N
Medicine,709271,637540,698,5.6,59,657095,N
Law,46444,184301,871,7.2,54,412701,N
MTech,830299,948312,899,6.2,50,1449474,N
Law,220117,399192,617,9.4,65,825286,N
BPhramacy,403149,704661,722,9.3,63,440591,N
MBA,359605,255273,784,6.7,64,1447273,N
Law,173940,674918,544,8.1,80,1067352,N
Degree,158708,130336,520,7.4,79,822735,N
Degree,898607,847412,552,9.1,59,673371,N
Law,398249,240159,754,6.9,94,1467799,N
Degree,52688,551250,757,7.7,65,1033139,N
Law,764333,95234,694,6.0,65,769075,N
BPhramacy,595659,156449,791,8.4,77,984079,Y
Engineering,507759,116417,782,6.6,82,907460,N
MBA,344152,709209,718,7.7,51,1398781,N
BPhramacy,654350,714886,579,9.0,80,849826,N
Degree,436475,304394,823,5.6,84,1434628,N
BPhramacy,108267,338461,750,9.2,92,875129,Y
MBA,738865,704944,650,8.2,71,489278,N
Degree,963224,409060,860,8.5,88,971210,Y
MBA,445468,992302,823,6.7,92,1281911,N
Medicine,791102,674274,609,7.8,86,1106989,N
Medicine,638433,754382,696,8.7,79,971887,N
Law,26880,227367,512,8.2,50,908310,N
BPhramacy,588384,436002,687,8.1,60,1485817,N
Law,841426,77838,734,7.2,91,1067734,Y
Degree,170724,454292,851,6.4,63,700559,N
Engineering,572203,147736,721,6.9,50,1499163,N
MBA,796185,583990,541,8.8,82,440388,N
BPhramacy,75603,491270,714,8.2,57,718340,N
MBA,440636,291923,578,9.3,77,885175,N
MBA,206734,465684,641,8.9,56,481618,N
Engineering,386096,59757,664,8.6,91,652861,N
MBA,24348,124871,897,8.2,57,1361739,N
MBA,881471,158878,567,9.3,90,917975,N
BPhramacy,941216,754861,552,8.3,88,577077,N
Medicine,625474,513402,677,6.3,54,817957,N
MBA,891165,416336,580,6.1,76,1280542,N
Medicine,529458,581840,612,7.7,52,1196524,N
MTech,136804,974110,614,6.5,50,487043,N
BPhramacy,975968,805079,788,9.0,90,813952,Y
BPhramacy,452332,633069,523,9.5,74,912841,N
Engineering,399929,901605,761,6.1,84,1349577,N
Law,855444,68663,895,8.7,81,1121819,Y
Engineering,785103,193384,717,6.5,93,1163522,N
MBA,353409,168553,559,9.3,51,1361006,N
MTech,800135,762610,654,6.1,75,495922,N
Engineering,978436,867641,845,9.1,82,788347,Y
BPhramacy,266230,244020,868,9.4,65,786144,N
MTech,572193,531450,668,9.4,64,807622,N
MBA,843852,792663,683,6.9,76,1165148,N
BPhramacy,116054,888360,634,6.1,72,792741,N
Engineering,530985,503521,622,7.4,55,1387257,N
Law,605607,663565,527,8.2,59,870956,N
Medicine,248938,210186,561,7.1,88,731184,N
BPhramacy,273431,416148,842,5.8,73,599161,N
BPhramacy,403170,827984,883,5.9,67,1327482,N
Law,910639,666632,731,8.1,54,574066,N
MTech,531593,634977,649,7.1,73,861273,N
MTech,189955,74748,523,6.1,79,1354291,N
Law,180691,823999,749,5.8,56,1244702,N
Degree,78991,331064,839,6.4,58,449046,N
BPhramacy,387737,878029,820,6.2,83,1161029,N
Engineering,420224,47788,561,8.5,81,719478,N
BPhramacy,876394,437344,711,7.9,74,604988,Y
Law,479569,306210,539,5.8,52,1124178,N
Medicine,692611,192679,545,7.7,61,701798,N
MTech,307280,81747,548,5.6,50,1413415,N
MTech,689323,997052,737,6.7,51,636176,N
MTech,928678,236888,694,8.7,92,1183953,N
Medicine,16528,139428,527,7.8,56,1375895,N
MTech,696235,363447,900,6.5,81,1430441,N
Degree,368526,727652,553,6.5,70,1472106,N
Medicine,492896,519029,570,6.8,80,1029444,N
BPhramacy,944545,337802,873,6.4,73,964089,N
Engineering,442929,155216,803,6.9,67,443213,N
Engineering,749459,196898,648,8.7,54,419869,N
Medicine,746200,97488,786,7.4,94,1168183,Y
MBA,235596,748962,676,7.6,59,1450042,N
Engineering,631096,961959,548,7.4,80,787327,N
BPhramacy,717505,266990,676,8.6,87,1302233,N
Degree,115137,975328,706,6.3,69,840367,N
Engineering,521660,657891,817,8.9,61,865298,N
Degree,841596,703863,776,8.1,77,769612,Y
Engineering,200318,303869,799,5.7,52,1392912,N
MTech,412411,482614,840,8.1,60,403210,N
Degree,105482,480262,679,9.3,63,462532,N
Medicine,459712,915618,507,7.8,85,1246806,N
Law,208229,836930,776,9.2,88,1100540,Y
Engineering,147347,775207,702,5.9,80,734375,N
MTech,462570,385915,875,8.4,67,754158,N
Medicine,832633,614703,884,9.5,91,524419,Y
BPhramacy,662085,711492,576,7.6,60,977690,N
Degree,425534,535817,671,8.7,73,1262050,N
Degree,338564,896786,509,5.9,71,942157,N
Engineering,904500,432230,557,6.4,58,1303045,N
Engineering,483412,289293,543,8.7,92,1308500,N
Degree,811236,61710,691,9.3,58,597036,N
Law,934089,527603,525,7.5,95,946686,N
Medicine,914734,625573,849,7.0,86,918551,Y
BPhramacy,256827,729040,890,5.7,81,981387,N
MTech,318334,754836,794,6.4,62,665000,N
Law,232035,205467,707,6.2,63,814382,N
BPhramacy,793467,429172,678,7.8,71,463336,N
BPhramacy,952441,931419,749,6.1,65,1041282,N
Engineering,64483,880845,753,7.9,58,1151478,N
Medicine,95949,183632,823,7.8,63,754578,N
Law,49176,937973,507,5.5,64,1487710,N
Medicine,634515,563691,682,9.2,66,1050555,N
Degree,464625,631322,637,7.3,84,794763,N
Law,776736,721067,663,8.8,92,1233330,N
Degree,12453,669334,860,5.8,57,1239004,N
Law,558824,406511,564,7.4,95,480173,N
MBA,745731,905175,641,7.5,60,422453,N
Engineering,998229,237314,715,6.4,53,704256,N
Medicine,987529,159839,805,5.5,69,894601,N
Engineering,700636,638505,555,8.7,89,638095,N
Degree,111889,174827,594,8.2,90,1297466,N
Law,757537,954975,842,6.2,54,1386194,N
Engineering,216592,127422,682,9.0,86,653465,N
Degree,141961,935567,510,5.7,59,965740,N
BPhramacy,890003,734957,720,6.1,85,690567,N
Medicine,151462,30084,631,8.7,62,1159051,N
MBA,41404,846554,746,8.7,94,984215,Y
BPhramacy,227156,466165,723,6.1,59,791205,N
Law,699098,481842,642,8.0,60,1323201,N
MTech,307136,114179,852,5.9,93,984094,N
Degree,122936,504717,580,5.9,74,799308,N
MTech,587771,923903,860,8.4,85,1153830,Y
Medicine,491240,983977,557,8.4,62,821926,N
Law,585753,20866,897,9.2,80,948240,Y
Degree,268409,240863,548,7.2,84,852474,N
Engineering,633399,102020,501,8.5,65,1348974,N
Medicine,848876,989734,731,8.2,90,1343854,Y
Law,710712,422146,731,7.7,70,641719,Y
Medicine,813445,814806,833,7.3,90,1417032,Y
BPhramacy,143676,253077,861,7.3,90,1376020,Y
MBA,954458,202927,895,7.7,55,407674,N
BPhramacy,427223,587453,758,8.2,83,1308295,Y
Medicine,310860,302081,588,7.9,75,455972,N
BPhramacy,529444,416639,710,6.8,62,678525,N
BPhramacy,273430,858984,729,9.5,59,535836,N
Law,43810,685647,801,7.3,82,651332,Y
Law,404468,304831,807,6.0,80,451068,N
MTech,192781,709267,549,6.6,84,1027266,N
Degree,818370,840528,704,8.7,55,479989,N
Degree,113057,410874,562,9.2,87,933827,N
BPhramacy,453347,311054,561,8.7,90,578359,N
MBA,644333,370574,731,5.9,63,1119960,N
Medicine,972834,354059,668,7.3,64,817820,N
MTech,16866,130510,791,8.7,94,596442,Y
Medicine,523909,261637,699,8.9,89,891162,N
Degree,849849,865575,746,6.9,61,1316423,N
MTech,269024,40135,630,7.7,61,699273,N
MBA,708549,246014,706,5.7,94,482497,N
Law,222030,860668,786,6.4,51,770993,N
Medicine,197823,800199,591,7.9,77,1405799,N
Medicine,429834,450497,723,7.8,86,1325156,Y
Engineering,336855,160299,774,7.0,53,837214,N
BPhramacy,899254,586542,746,6.1,87,729169,N
MTech,231278,292233,634,7.6,68,689760,N
Degree,392422,693634,589,7.3,69,819680,N
BPhramacy,351712,985133,532,8.8,95,492209,N
Medicine,549826,538977,780,5.9,55,1165793,N
Law,879916,24486,506,9.3,75,1109433,N
MBA,821571,148490,528,8.7,60,452149,N
MTech,96273,44180,892,7.7,73,1332444,Y
Engineering,825844,345007,681,8.7,74,1369682,N
MBA,622004,919996,556,5.7,57,1237616,N
MBA,573851,831066,876,6.4,82,698022,N
Law,982551,890896,772,6.6,56,1462240,N
Degree,531772,646540,754,8.2,64,1074284,N
Medicine,503597,187314,707,5.8,67,447619,N
Engineering,874402,251637,666,5.8,89,683794,N
MTech,558026,335060,613,5.7,77,1176897,N
Degree,874228,873293,826,7.2,54,948049,N
BPhramacy,222844,45267,556,8.6,81,1408917,N
Medicine,37083,858759,726,7.7,66,579379,N
Degree,449460,197935,809,6.0,67,1316432,N
Law,519806,156362,751,8.2,84,666627,Y
BPhramacy,678789,602970,565,6.3,87,441539,N
Medicine,418122,29401,609,5.8,52,648037,N
BPhramacy,128393,84295,826,8.2,53,978075,N
MTech,611826,390092,579,6.5,72,1371997,N
MTech,496320,83316,814,7.3,85,1258243,Y
Medicine,787595,788912,588,6.2,62,895097,N
BPhramacy,656300,451468,689,7.9,62,1346957,N
Medicine,437621,549766,819,8.4,78,810539,Y
BPhramacy,723268,310093,764,6.6,57,640218,N
Engineering,653344,660849,554,9.1,51,1186967,N
BPhramacy,727926,91850,514,7.9,69,611826,N
BPhramacy,571035,749202,682,5.7,58,412032,N
MTech,827176,983551,544,6.9,95,1276334,N
Law,549100,97703,546,8.6,73,614620,N
Law,991582,42238,816,6.9,62,1191573,N
Medicine,218703,653510,610,7.5,91,954011,N
Medicine,205402,574304,601,8.6,66,1216931,N
Engineering,879238,620645,762,9.2,95,845259,Y
MTech,26019,418411,782,7.4,59,1491487,N
Medicine,248785,970170,842,7.8,85,1350989,Y
Degree,960486,412670,860,6.1,62,435004,N
MTech,389517,824827,539,9.0,70,1124993,N
Medicine,469793,410867,820,8.8,57,811174,N
Degree,685458,817481,808,5.8,59,1205846,N
Degree,946467,181036,822,6.4,53,509172,N
Law,143414,10666,510,9.1,80,1011184,N
MTech,989365,825093,800,7.0,52,995051,N
Law,400356,598700,581,7.2,86,925546,N
Law,605845,146234,543,5.7,60,926463,N
BPhramacy,272818,247780,827,7.9,57,809348,N
Law,766757,451606,675,7.3,52,1115633,N
Medicine,850704,265243,753,7.6,50,494503,N
Law,775609,428483,595,8.7,64,583840,N
Law,855187,835447,870,6.8,58,995007,N
MBA,392611,213600,757,8.3,57,1163738,N
Medicine,275339,609948,627,8.1,67,860921,N
MTech,712951,361543,807,6.2,65,770660,N
MBA,17286,780012,801,8.2,66,903334,N
MBA,343935,333146,778,5.5,62,1237984,N
Degree,299566,578827,803,7.5,55,583967,N
MBA,485017,124476,758,6.1,85,1251525,N
Law,708754,607723,747,7.9,60,933987,N
BPhramacy,84701,895775,588,9.4,65,943646,N
Engineering,875692,42060,881,6.1,57,967449,N
Medicine,369968,277421,894,7.6,60,1247294,N
Engineering,556948,887640,790,6.9,92,1098007,N
Engineering,316615,279986,684,7.0,72,1056071,N
MBA,169741,561643,624,5.6,51,531772,N
Law,972741,977734,543,6.6,60,420892,N
Engineering,78359,33374,527,6.7,89,1422362,N
MTech,622157,343916,824,6.7,89,617939,N
Engineering,509920,535367,775,5.6,87,407437,N
Medicine,10244,598521,561,5.6,79,440530,N
Degree,314287,986801,507,8.0,70,443714,N
MTech,870890,90862,548,7.7,87,742167,N
MBA,158789,491326,566,5.5,61,566577,N
MBA,263702,587064,547,6.0,87,702605,N
Law,223559,675521,504,7.4,75,1490910,N
Law,948011,598348,541,9.2,91,1478844,N
Law,819242,186149,798,6.0,72,1173280,N
Law,992639,371469,761,6.4,82,1365007,N
MTech,812714,266266,718,9.5,76,510097,Y
Engineering,784418,667568,708,7.9,79,1466774,Y
Medicine,882698,303782,549,6.9,83,1268233,N
MTech,375384,564104,609,6.1,76,505401,N
Degree,82456,136974,871,9.0,83,1195719,Y
Degree,769840,560721,777,8.4,66,529800,N
Engineering,976223,388702,764,7.3,66,1110362,N
Law,319944,866401,570,6.0,64,1412273,N
MTech,554179,645751,725,7.6,82,950173,Y
Law,956186,347962,715,8.5,54,438616,N
Engineering,381618,462363,839,9.4,94,782563,Y
Law,157872,449437,730,6.7,63,735409,N
Medicine,570241,489059,662,7.4,91,1041683,N
Law,228254,507961,738,9.3,59,1321670,N
MBA,45845,878879,663,9.2,74,839350,N
Degree,197097,618172,549,6.5,66,745121,N
Medicine,147388,323756,543,6.0,51,883295,N
Medicine,471726,487799,570,8.5,64,1341696,N
Degree,550259,119017,750,8.2,74,1066643,Y
Medicine,822932,933828,565,9.4,95,820966,N
MTech,164698,536829,605,7.9,81,660695,N
MTech,435242,349865,769,8.5,74,423239,Y
MTech,783115,269457,897,9.3,70,414434,Y
MTech,190968,172566,504,8.1,74,464058,N
MTech,262787,763211,748,6.9,64,827929,N
Medicine,663858,127980,540,9.3,70,1492404,N
MBA,851975,605552,716,5.7,61,676313,N
BPhramacy,346119,175531,778,8.6,66,649400,N
MBA,373509,752147,599,6.0,73,680053,N
Law,585934,758197,550,7.6,55,1140232,N
Law,478804,941522,780,6.0,63,796374,N
BPhramacy,570172,62912,610,8.2,53,1457264,N
Engineering,610600,935466,771,8.4,67,788699,N
Engineering,947590,612014,688,8.0,72,438373,N
Degree,571462,322763,825,6.3,52,1110271,N
Medicine,897440,679505,519,6.8,51,437997,N
MTech,377807,851733,891,8.4,63,549565,N
MBA,391554,742448,837,7.8,60,938708,N
MTech,467776,359515,739,7.5,84,1406584,Y
Law,938195,203066,617,7.3,58,804201,N
Law,266411,281927,733,6.2,89,893791,N
Degree,120435,461855,679,5.6,91,766910,N
MBA,197248,148310,853,9.2,88,1394591,Y
BPhramacy,71793,280809,552,9.1,80,1008062,N
Medicine,685357,475406,846,5.6,65,657174,N
Engineering,78627,926354,865,6.8,50,1201201,N
Degree,31394,524749,800,5.7,63,1274206,N
Law,220890,689724,596,8.4,65,548791,N
Degree,474745,595735,635,6.7,80,1471941,N
MTech,467617,845422,824,6.1,54,1398979,N
Engineering,899907,852687,541,8.1,93,652900,N
BPhramacy,692704,834209,541,5.8,76,1222994,N
Law,737197,173995,526,8.8,85,420852,N
BPhramacy,351108,284064,628,5.6,60,670755,N
BPhramacy,131882,161181,893,6.9,73,814370,N
MTech,819593,469797,602,7.1,89,597175,N
Engineering,673384,26439,726,5.7,83,1181064,N
MTech,740896,907601,880,7.8,65,581178,N
Law,190648,937827,719,5.8,86,418903,N
Engineering,354041,199722,534,6.9,52,869377,N
MBA,53023,644687,803,6.4,58,1430707,N
Law,420632,468287,892,7.0,54,1100523,N
Law,751328,983713,877,6.0,83,1289575,N
Degree,894026,874333,533,8.5,73,1213930,N
Law,409685,339854,550,9.2,86,535468,N
Degree,439164,572327,694,6.2,59,781865,N
MBA,884638,640115,529,5.6,87,703796,N
Engineering,314858,545407,653,9.2,57,809512,N
Law,458184,480912,831,7.5,54,747601,N
Degree,133444,112358,505,8.7,59,1227082,N
Degree,675950,65176,699,6.3,63,991752,N
BPhramacy,747067,421609,532,7.6,94,1072946,N
Engineering,349111,148356,587,7.3,84,1455857,N
Law,253179,135102,801,8.1,50,907924,N
MBA,399557,213024,677,7.9,72,1447321,N
Engineering,449063,846242,737,7.1,95,921555,Y
MTech,519443,231409,755,7.4,62,747291,N
BPhramacy,475909,985253,663,8.5,73,415034,N
MTech,290887,715433,810,7.4,85,1315901,Y
MBA,165604,684005,570,8.1,68,849507,N
Medicine,598748,738319,546,7.5,90,640970,N
MBA,750885,226102,814,9.0,93,754667,Y
Medicine,989975,574363,763,7.3,67,718422,N
Degree,111261,364714,560,6.3,58,664824,N
MTech,170605,950612,515,9.3,53,686705,N
Law,16670,494874,834,7.3,66,1436610,N
Medicine,692202,212376,540,8.0,71,1025467,N
Degree,564022,910796,692,8.9,59,1038010,N
Law,514243,939962,669,6.5,85,744977,N
Medicine,572191,310841,789,9.1,52,732650,N
Law,277718,18801,737,6.7,61,1215004,N
MTech,371605,591848,559,8.2,86,786915,N
MBA,753697,552126,871,6.1,88,902736,N
Law,822287,810916,552,5.8,75,1394136,N
MBA,130929,831992,822,6.3,93,586419,N
Law,834001,689189,686,8.8,68,1155240,N
MTech,144877,403614,645,8.2,59,426523,N
Degree,339156,151152,700,7.7,88,440506,Y
Engineering,874821,493216,885,7.4,54,596730,N
MTech,193036,628060,571,8.8,54,647398,N
Medicine,592683,410300,672,8.9,74,454101,N
BPhramacy,807036,904522,563,7.2,53,883042,N
Engineering,256740,264716,663,7.8,81,505222,N
Engineering,133891,342082,701,7.1,56,1156105,N
Engineering,749135,936362,654,8.0,65,804469,N
Engineering,665844,906004,609,7.7,75,408292,N
Medicine,257194,33712,851,6.4,53,1025149,N
BPhramacy,807948,504188,822,7.8,85,1181438,Y
Law,304352,58446,550,8.6,70,963874,N
Law,531031,940502,575,5.8,67,750491,N
Engineering,974704,523613,897,6.7,65,741578,N
Medicine,266789,954211,546,6.4,68,1172681,N
Medicine,991205,395515,625,6.2,58,1080896,N
MTech,148690,676705,699,5.8,84,422240,N
Medicine,606693,86198,613,6.3,82,478276,N
MBA,596388,961291,756,7.6,74,555816,Y
BPhramacy,149078,34299,512,8.2,58,674815,N
MTech,966172,23922,692,8.3,88,616723,N
Degree,151280,662787,556,8.8,73,1356099,N
Medicine,604183,363521,572,8.0,73,644172,N
Degree,310487,986820,852,8.9,86,818455,Y
Degree,914477,515682,521,9.2,68,1426984,N
BPhramacy,361245,973939,598,6.6,58,558677,N
MBA,527230,284216,611,8.2,67,565608,N
Law,461885,108524,801,6.7,84,657732,N
Degree,512089,557512,709,9.3,51,1132429,N
BPhramacy,944261,910915,657,6.9,69,755346,N
Degree,737976,415815,677,9.0,65,765490,N
MBA,444723,228382,532,6.6,85,1299366,N
MTech,426318,400574,757,5.7,87,576019,N
MTech,208818,234503,577,9.1,57,802101,N
Law,47599,196904,892,6.6,62,578609,N
MBA,748815,914553,783,7.1,63,525895,N
BPhramacy,360322,470766,898,7.3,71,939259,Y
MTech,85572,605439,542,7.2,74,598425,N
BPhramacy,470157,482390,707,7.0,68,1119304,N
MTech,713902,170882,517,5.8,87,1252946,N
Engineering,716610,959883,505,8.6,82,1004155,N
MTech,567087,507342,593,8.7,56,1092013,N
Degree,545476,328422,735,6.4,59,534453,N
MTech,679153,990113,837,7.2,95,1038921,Y
MBA,28829,321861,670,8.4,61,939441,N
Engineering,417594,640502,657,6.1,86,1007897,N
Law,319916,201540,751,5.9,76,1034580,N
Engineering,698062,690108,736,6.9,76,1006320,N
Degree,233753,806039,679,9.3,86,1360759,N
MBA,20093,508323,688,8.9,80,771930,N
Law,628672,345815,804,6.5,83,615341,N
Medicine,509316,536951,660,6.3,64,998464,N
Medicine,839057,15471,765,6.1,81,808672,N
Medicine,774710,720342,883,6.0,72,888475,N
Degree,987431,404080,583,7.1,74,492501,N
Medicine,464151,870411,534,9.5,88,1480533,N
Degree,894549,127331,719,5.9,52,707544,N
Engineering,76367,775063,895,7.9,92,941947,Y
Engineering,245493,123840,706,8.1,66,1336468,N
Law,540969,744210,594,8.0,77,1477894,N
Medicine,155974,729556,900,6.8,58,1125206,N
Law,532635,58634,831,8.6,52,592018,N
MTech,634755,581404,558,6.7,79,430406,N
Degree,288382,60017,522,5.6,66,854140,N
Law,24170,510853,553,7.2,53,972932,N
Medicine,17750,168591,662,7.6,56,1007750,N
Engineering,22776,609387,650,5.8,66,1350496,N
Law,627120,40322,837,8.9,51,1290947,N
Degree,951413,515254,870,6.1,82,958010,N
Medicine,716906,92325,631,7.2,83,1497321,N
MTech,980457,391912,544,8.4,88,1425335,N
BPhramacy,913689,173518,718,8.6,52,599058,N
Law,65489,471959,809,8.7,65,1071911,N
Medicine,857448,895031,668,8.9,81,1066144,N
BPhramacy,946886,119360,640,5.8,83,1390267,N
Medicine,933056,885598,698,7.1,78,640336,N
Law,366780,123003,871,7.0,90,1126681,Y
MTech,375476,438604,653,5.9,78,721322,N
Degree,258197,119227,702,9.4,74,1242646,Y
BPhramacy,265721,220442,726,9.5,67,875717,N
Medicine,426636,688738,561,8.2,53,1259035,N
BPhramacy,941843,43564,685,5.6,74,1264921,N
MTech,199849,624676,762,7.2,63,860642,N
BPhramacy,466858,32895,855,7.9,75,492940,Y
BPhramacy,973602,126705,834,8.7,75,724935,Y
Engineering,742520,868929,649,6.5,68,714600,N
BPhramacy,886920,995384,513,5.8,84,815551,N
MTech,163258,154862,678,8.6,75,762552,N
MTech,542456,99370,540,8.3,56,754551,N
MTech,425783,628977,545,6.7,52,731153,N
MTech,382453,131087,896,8.0,86,696241,Y
Medicine,399009,10406,739,7.8,78,851015,Y
MTech,589629,356191,586,5.9,79,839763,N
MBA,127651,801161,640,9.2,74,1187352,N
Medicine,840975,832335,707,7.2,59,1437134,N
MTech,682218,624698,748,9.4,62,576962,N
Law,77789,738727,503,9.0,82,952977,N
Law,177295,191328,814,7.9,70,815427,Y
BPhramacy,341749,876761,510,9.3,72,791133,N
Medicine,973127,644589,882,9.0,83,969519,Y
MTech,570839,765898,693,6.7,59,1066654,N
Engineering,685387,483248,747,7.5,62,1371871,N
MBA,626056,454993,897,8.3,82,1395683,Y
MTech,871529,746988,569,8.1,77,763291,N
MTech,697788,713482,733,8.1,92,1161640,Y
Law,442299,317240,702,7.5,83,1081994,Y
BPhramacy,844323,705285,502,8.5,55,1294450,N
Degree,971739,300679,646,9.2,95,410457,N
Medicine,145119,86201,530,8.7,86,1264059,N
BPhramacy,915078,731256,548,7.3,89,734385,N
Law,962042,127959,618,8.8,82,883232,N
